"term","cOR","cOR_lower","cOR_upper","cOR_p","aOR","aOR_lower","aOR_upper","aOR_p"
"age_group15-24",0.608,0.292,1.267,0.184,0.605,0.282,1.299,0.197
"age_group25-34",1.123,0.641,1.967,0.685,1.04,0.576,1.877,0.897
"age_group45-54",1.003,0.564,1.782,0.993,0.979,0.538,1.783,0.945
"age_group55+",2.521,1.328,4.786,0.005,2.497,1.269,4.915,0.008
"sexMale",0.738,0.491,1.109,0.144,0.736,0.476,1.136,0.166
"hivPositive",1.513,0.987,2.318,0.057,1.583,1.005,2.494,0.048
"hivUnknown",1.493,0.725,3.077,0.277,1.894,0.881,4.071,0.102
"prev_txYes",2.13,1.396,3.249,0,2.34,1.5,3.649,0
"contactYes",3.254,2.018,5.248,0,3.471,2.09,5.764,0
"smokingYes",1.263,0.823,1.938,0.286,1.408,0.894,2.218,0.14
"alcoholYes",0.914,0.6,1.392,0.675,0.947,0.605,1.482,0.81
