"variable","level","susceptible","resistant","p_value"
"Age group","35-44","154 (29.4%)","32 (27.1%)","0.006"
"Age group","15-24","87 (16.6%)","11 (9.3%)",""
"Age group","25-34","121 (23.1%)","28 (23.7%)",""
"Age group","45-54","120 (22.9%)","25 (21.2%)",""
"Age group","55+","42 (8.0%)","22 (18.6%)",""
"Sex","Female","187 (35.3%)","50 (42.0%)","0.203"
"Sex","Male","343 (64.7%)","69 (58.0%)",""
"HIV status","Negative","329 (62.0%)","62 (52.1%)","0.139"
"HIV status","Positive","162 (30.5%)","46 (38.7%)",""
"HIV status","Unknown","40 (7.5%)","11 (9.2%)",""
"Previous TB treatment","No","269 (50.7%)","38 (31.9%)","0.000"
"Previous TB treatment","Yes","262 (49.3%)","81 (68.1%)",""
"Contact with DR-TB case","No","469 (88.3%)","84 (70.6%)","0.000"
"Contact with DR-TB case","Yes","62 (11.7%)","35 (29.4%)",""
"Smoking","No","383 (72.1%)","79 (66.4%)","0.256"
"Smoking","Yes","148 (27.9%)","40 (33.6%)",""
"Alcohol use","No","342 (64.4%)","79 (66.4%)","0.762"
"Alcohol use","Yes","189 (35.6%)","40 (33.6%)",""
